{
	"ANLN": 0.909345258085933,
	"BIRC5": 0.9125226686310084,
	"CCNB1": 0.9115857559337666,
	"CCNE1": 0.7594751215024208,
	"CDC20": 0.9207967024993058,
	"CDC6": 0.8311047101192307,
	"CENPF": 0.918714724839954,
	"CEP55": 1.0,
	"ERBB2": 1.0,
	"ESR1": 0.8461757864408803,
	"EXO1": 0.9210057851504897,
	"FOXA1": 0.8435219840132505,
	"FOXC1": 0.79041917474193,
	"GRB7": 0.8272909046638679,
	"KIF2C": 0.9394280152295252,
	"KRT14": 0.8962877029459482,
	"KRT17": 0.9021765476271345,
	"KRT5": 1.0,
	"MELK": 0.9389656885561373,
	"MIA": 0.8008172384992199,
	"MKI67": 0.9322486911384561,
	"MLPH": 1.0,
	"MYBL2": 0.8949573740020841,
	"NDC80": 0.9186090663200349,
	"NUF2": 0.9060019392538372,
	"ORC6L": 0.8502801987475064,
	"PHGDH": 1.0,
	"PTTG1": 0.9065059533211214,
	"RRM2": 0.897605830647946,
	"SFRP1": 1.0,
	"TYMS": 0.8316624104018296,
	"UBE2C": 0.9301701334494306,
	"UBE2T": 0.9052095037359933
}