{"CLEC3A": 0.010563108138740063, "CPB1": 0.01747918128967285, "SCGB2A2": 0.06936000287532806, "SCGB1D2": 0.0077544390223920345, "TFF1": 0.027755992487072945, "MUCL1": 0.02648886851966381, "GSTM1": 0.00944109819829464, "PIP": 0.004938650876283646, "ADIPOQ": 0.0050196112133562565, "ADH1B": 0.04905784875154495, "HMGCS2": 0.0455595999956131, "S100A7": 0.04712800309062004, "CYP2B7P1": 0.004794624634087086, "TAT": 0.09445182979106903, "ANKRD30A": 0.01579407975077629, "PRAME": 0.023610232397913933, "CYP4Z1": 0.01107283215969801, "SERPINA6": 0.01800629496574402, "AGR3": 0.02877255529165268, "UGT2B11": 0.050436824560165405, "MUC6": 0.008766583167016506, "KCNJ3": 0.02095898985862732, "TFAP2B": 0.01192439440637827, "MYBPC1": 0.02454076148569584, "DHRS2": 0.012372973375022411, "C4orf7": 0.03604651242494583, "SLC30A8": 0.010423803701996803, "KRT14": 0.010303506627678871, "SOX10": 0.0306895412504673, "STAC2": 0.006499938201159239, "GABRP": 0.040341816842556, "CEACAM5": 0.019949501380324364, "KRT5": 0.0041803657077252865, "COL2A1": 0.014086739160120487, "TUSC5": 0.0062498836778104305, "GP2": 0.04489314183592796, "VSTM2A": 0.004497215151786804, "CALML5": 0.0036272972356528044, "GSTT1": 0.02010178007185459, "FABP7": 0.013858755119144917, "LEP": 0.010761559009552002, "C1orf64": 0.003778761485591531, "TFF3": 0.01302195992320776, "PIGR": 0.012574858963489532, "CRABP1": 0.005187538918107748, "CST1": 0.005872659385204315, "MUC5B": 0.006502023432403803, "SYT13": 0.008709829300642014, "GRIA2": 0.0120572904124856, "KRT6B": 0.009734521619975567}