{"CLEC3A": 0.029846886300406314, "CPB1": 0.02381092825224104, "SCGB2A2": 0.012605922056600417, "SCGB1D2": 0.015663197627172148, "TFF1": 0.012568907160566928, "MUCL1": 0.0524878405146309, "GSTM1": 0.053076030687417355, "PIP": 0.013657969228337154, "ADIPOQ": 0.009069022165910889, "ADH1B": 0.018950464514840833, "HMGCS2": 0.023960755376052686, "S100A7": 0.01641211869670872, "CYP2B7P1": 0.03344103938939119, "TAT": 0.032854108703861365, "ANKRD30A": 0.016551903948690015, "PRAME": 0.058499089315453376, "CYP4Z1": 0.018635644414569344, "SERPINA6": 0.00981121780048217, "AGR3": 0.013739435833634777, "UGT2B11": 0.022343214800365215, "MUC6": 0.0443908721176969, "KCNJ3": 0.012813444263650591, "TFAP2B": 0.007251567745554881, "MYBPC1": 0.030583628364758378, "DHRS2": 0.015082946679461895, "C4orf7": 0.03570600873108299, "SLC30A8": 0.02832388819956458, "KRT14": 0.01785468293454196, "SOX10": 0.004034666212468673, "STAC2": 0.04749306148587259, "GABRP": 0.015572608883686459, "CEACAM5": 0.013938734471183569, "KRT5": 0.016829057810191624, "COL2A1": 0.013996491755947207, "TUSC5": 0.005017032604502372, "GP2": 0.006312698596524047, "VSTM2A": 0.028413299371909048, "CALML5": 0.03415009823048689, "GSTT1": 0.010948250459218056, "FABP7": 0.021960600851134347, "LEP": 0.012691945395235365, "C1orf64": 0.010510319987583793, "TFF3": 0.01034511999623509, "PIGR": 0.00908297698175445, "CRABP1": 0.012564092986783215, "CST1": 0.008111250605753675, "MUC5B": 0.013227697911095357, "SYT13": 0.005315968020475789, "GRIA2": 0.011454086852352335, "KRT6B": 0.008037204705961105}