{
	"ANLN": 0.909345258085933,
	"BIRC5": 0.9142788943460295,
	"CCNB1": 0.9115857559337666,
	"CCNE1": 1.0,
	"CDC20": 0.9524193846542844,
	"CDC6": 0.8279983249773396,
	"CENPF": 0.942335221430716,
	"CEP55": 1.0,
	"CXXC5": 1.0,
	"ESR1": 1.0,
	"EXO1": 0.9270793657127975,
	"FOXA1": 1.0,
	"FOXC1": 1.0,
	"GPR160": 0.7618050459563337,
	"KIF2C": 1.0,
	"KRT5": 0.756610116424858,
	"MELK": 0.9389656885561373,
	"MIA": 0.8098291319991079,
	"MKI67": 0.9322486911384561,
	"MLPH": 1.0,
	"MYBL2": 0.9085886145957921,
	"NDC80": 1.0,
	"NUF2": 1.0,
	"ORC6L": 0.8560798479915909,
	"PTTG1": 0.9065059533211214,
	"RRM2": 0.9156542654046164,
	"SFRP1": 0.8026161637264441,
	"TYMS": 0.8635132195090884,
	"UBE2C": 0.9361086324522121,
	"UBE2T": 1.0
}