{
	"ERBB2": 1.0,
	"FOXA1": 0.7527866145535891,
	"FOXC1": 1.0,
	"GRB7": 0.8272909046638679,
	"MIA": 1.0,
	"PGR": 1.0,
	"SFRP1": 0.8008172384992199
}