{
	"ANLN": 0.8308305636914297,
	"BIRC5": 0.867550857893717,
	"CCNB1": 1.0,
	"CDC20": 0.8669572419299677,
	"CDC6": 0.8157041729548508,
	"CENPF": 0.8384688346310373,
	"CEP55": 0.8828212592229355,
	"ERBB2": 1.0,
	"ESR1": 1.0,
	"EXO1": 0.871689621996492,
	"FOXA1": 0.7718948801159891,
	"FOXC1": 1.0,
	"GPR160": 1.0,
	"GRB7": 0.8272909046638679,
	"KIF2C": 0.8901148921765112,
	"MAPT": 1.0,
	"MELK": 0.8756983125024779,
	"MIA": 1.0,
	"MKI67": 0.8402637214766161,
	"MLPH": 0.7818037777785103,
	"MYBL2": 0.8451059728287647,
	"NDC80": 0.8739549779584742,
	"NUF2": 0.8644406266993896,
	"ORC6L": 0.8041390117510528,
	"PTTG1": 0.9056273456011694,
	"RRM2": 0.8471108557548795,
	"SFRP1": 0.8008172384992199,
	"TYMS": 0.7750245105537085,
	"UBE2C": 0.90214596143506,
	"UBE2T": 0.8791016820244509
}